headline,article,audience,best_audience,confidence_score,relevance_score,Jaipur Residents,Software Engineers,Cricket Fans,Football Fans,Tech Enthusiasts,Business Professionals,College Students,Healthcare Professionals,Travel Lovers,Environmentalists,Movie Lovers,Fitness Enthusiasts,Investors,Government Job Aspirants,AI Researchers,Weather Forecast Seekers,Real Estate Buyers,Automobile Enthusiasts,Legal Professionals,Wedding Planners
Jaipur Metro Expansion and Urban Mobility,"Jaipur Metro Expansion and Urban Mobility is becoming an important discussion point for Jaipur residents as the city continues to grow and modernize. Urban development brings new opportunities while also creating challenges that require thoughtful planning and community participation. In recent years, Jaipur has seen increasing investment in infrastructure, digital services, transportation, tourism, and environmental initiatives. These changes are influencing how people commute, access services, conduct business, and experience everyday life.

Residents are increasingly interested in solutions that improve convenience without compromising the city's cultural identity. Whether the focus is transportation, sustainability, education, or economic growth, long-term success depends on balancing modernization with heritage preservation. Local communities, businesses, educational institutions, and government agencies all play a role in shaping outcomes. Collaboration often leads to more practical and sustainable solutions than isolated efforts.

The topic also highlights the importance of public awareness and citizen engagement. When residents understand ongoing developments and participate in discussions, projects are more likely to reflect local needs and priorities. Access to information, transparent decision-making, and community feedback can strengthen trust and improve results. As Jaipur evolves into a larger and more connected urban center, informed citizens will continue to play a key role in guiding its future. By staying engaged and supporting responsible development, residents can help ensure that growth creates benefits for current and future generations.",Jaipur Residents,Jaipur Residents,0.568,56.8,0.568,0.064,-0.024,0.071,0.085,0.026,0.022,0.006,0.206,0.127,0.129,0.03,-0.014,0.153,0.053,0.07,0.088,0.038,0.003,0.193
Water Conservation Efforts Across Jaipur,"Water Conservation Efforts Across Jaipur is becoming an important discussion point for Jaipur residents as the city continues to grow and modernize. Urban development brings new opportunities while also creating challenges that require thoughtful planning and community participation. In recent years, Jaipur has seen increasing investment in infrastructure, digital services, transportation, tourism, and environmental initiatives. These changes are influencing how people commute, access services, conduct business, and experience everyday life.

Residents are increasingly interested in solutions that improve convenience without compromising the city's cultural identity. Whether the focus is transportation, sustainability, education, or economic growth, long-term success depends on balancing modernization with heritage preservation. Local communities, businesses, educational institutions, and government agencies all play a role in shaping outcomes. Collaboration often leads to more practical and sustainable solutions than isolated efforts.

The topic also highlights the importance of public awareness and citizen engagement. When residents understand ongoing developments and participate in discussions, projects are more likely to reflect local needs and priorities. Access to information, transparent decision-making, and community feedback can strengthen trust and improve results. As Jaipur evolves into a larger and more connected urban center, informed citizens will continue to play a key role in guiding its future. By staying engaged and supporting responsible development, residents can help ensure that growth creates benefits for current and future generations.",Jaipur Residents,Jaipur Residents,0.557,55.7,0.557,0.095,-0.045,0.036,0.078,0.041,0.004,0.003,0.218,0.193,0.12,0.045,-0.025,0.114,0.083,0.111,0.096,0.014,0.009,0.188
Smart City Technologies Improving Daily Life,"Smart City Technologies Improving Daily Life is becoming an important discussion point for Jaipur residents as the city continues to grow and modernize. Urban development brings new opportunities while also creating challenges that require thoughtful planning and community participation. In recent years, Jaipur has seen increasing investment in infrastructure, digital services, transportation, tourism, and environmental initiatives. These changes are influencing how people commute, access services, conduct business, and experience everyday life.

Residents are increasingly interested in solutions that improve convenience without compromising the city's cultural identity. Whether the focus is transportation, sustainability, education, or economic growth, long-term success depends on balancing modernization with heritage preservation. Local communities, businesses, educational institutions, and government agencies all play a role in shaping outcomes. Collaboration often leads to more practical and sustainable solutions than isolated efforts.

The topic also highlights the importance of public awareness and citizen engagement. When residents understand ongoing developments and participate in discussions, projects are more likely to reflect local needs and priorities. Access to information, transparent decision-making, and community feedback can strengthen trust and improve results. As Jaipur evolves into a larger and more connected urban center, informed citizens will continue to play a key role in guiding its future. By staying engaged and supporting responsible development, residents can help ensure that growth creates benefits for current and future generations.",Jaipur Residents,Jaipur Residents,0.557,55.7,0.557,0.092,-0.024,0.052,0.146,0.026,0.019,-0.0,0.198,0.146,0.115,0.044,-0.013,0.138,0.094,0.101,0.091,0.044,0.017,0.182
Growth of Tourism and Local Businesses,"Growth of Tourism and Local Businesses is becoming an important discussion point for Jaipur residents as the city continues to grow and modernize. Urban development brings new opportunities while also creating challenges that require thoughtful planning and community participation. In recent years, Jaipur has seen increasing investment in infrastructure, digital services, transportation, tourism, and environmental initiatives. These changes are influencing how people commute, access services, conduct business, and experience everyday life.

Residents are increasingly interested in solutions that improve convenience without compromising the city's cultural identity. Whether the focus is transportation, sustainability, education, or economic growth, long-term success depends on balancing modernization with heritage preservation. Local communities, businesses, educational institutions, and government agencies all play a role in shaping outcomes. Collaboration often leads to more practical and sustainable solutions than isolated efforts.

The topic also highlights the importance of public awareness and citizen engagement. When residents understand ongoing developments and participate in discussions, projects are more likely to reflect local needs and priorities. Access to information, transparent decision-making, and community feedback can strengthen trust and improve results. As Jaipur evolves into a larger and more connected urban center, informed citizens will continue to play a key role in guiding its future. By staying engaged and supporting responsible development, residents can help ensure that growth creates benefits for current and future generations.",Jaipur Residents,Jaipur Residents,0.55,55.0,0.55,0.069,-0.037,0.059,0.082,0.044,0.031,0.002,0.253,0.141,0.138,0.023,-0.006,0.14,0.069,0.069,0.099,0.03,0.016,0.208
Managing Waste in a Growing City,"Managing Waste in a Growing City is becoming an important discussion point for Jaipur residents as the city continues to grow and modernize. Urban development brings new opportunities while also creating challenges that require thoughtful planning and community participation. In recent years, Jaipur has seen increasing investment in infrastructure, digital services, transportation, tourism, and environmental initiatives. These changes are influencing how people commute, access services, conduct business, and experience everyday life.

Residents are increasingly interested in solutions that improve convenience without compromising the city's cultural identity. Whether the focus is transportation, sustainability, education, or economic growth, long-term success depends on balancing modernization with heritage preservation. Local communities, businesses, educational institutions, and government agencies all play a role in shaping outcomes. Collaboration often leads to more practical and sustainable solutions than isolated efforts.

The topic also highlights the importance of public awareness and citizen engagement. When residents understand ongoing developments and participate in discussions, projects are more likely to reflect local needs and priorities. Access to information, transparent decision-making, and community feedback can strengthen trust and improve results. As Jaipur evolves into a larger and more connected urban center, informed citizens will continue to play a key role in guiding its future. By staying engaged and supporting responsible development, residents can help ensure that growth creates benefits for current and future generations.",Jaipur Residents,Jaipur Residents,0.53,53.0,0.53,0.085,-0.031,0.069,0.087,0.043,0.004,0.013,0.213,0.19,0.12,0.033,-0.027,0.14,0.078,0.077,0.081,0.032,-0.007,0.199
Rise of Electric Vehicles in Jaipur,"Rise of Electric Vehicles in Jaipur is becoming an important discussion point for Jaipur residents as the city continues to grow and modernize. Urban development brings new opportunities while also creating challenges that require thoughtful planning and community participation. In recent years, Jaipur has seen increasing investment in infrastructure, digital services, transportation, tourism, and environmental initiatives. These changes are influencing how people commute, access services, conduct business, and experience everyday life.

Residents are increasingly interested in solutions that improve convenience without compromising the city's cultural identity. Whether the focus is transportation, sustainability, education, or economic growth, long-term success depends on balancing modernization with heritage preservation. Local communities, businesses, educational institutions, and government agencies all play a role in shaping outcomes. Collaboration often leads to more practical and sustainable solutions than isolated efforts.

The topic also highlights the importance of public awareness and citizen engagement. When residents understand ongoing developments and participate in discussions, projects are more likely to reflect local needs and priorities. Access to information, transparent decision-making, and community feedback can strengthen trust and improve results. As Jaipur evolves into a larger and more connected urban center, informed citizens will continue to play a key role in guiding its future. By staying engaged and supporting responsible development, residents can help ensure that growth creates benefits for current and future generations.",Jaipur Residents,Jaipur Residents,0.567,56.7,0.567,0.083,-0.037,0.039,0.124,0.037,0.019,-0.004,0.202,0.157,0.122,0.031,-0.014,0.143,0.082,0.083,0.106,0.142,0.019,0.182
Heritage Preservation in the Pink City,"Heritage Preservation in the Pink City is becoming an important discussion point for Jaipur residents as the city continues to grow and modernize. Urban development brings new opportunities while also creating challenges that require thoughtful planning and community participation. In recent years, Jaipur has seen increasing investment in infrastructure, digital services, transportation, tourism, and environmental initiatives. These changes are influencing how people commute, access services, conduct business, and experience everyday life.

Residents are increasingly interested in solutions that improve convenience without compromising the city's cultural identity. Whether the focus is transportation, sustainability, education, or economic growth, long-term success depends on balancing modernization with heritage preservation. Local communities, businesses, educational institutions, and government agencies all play a role in shaping outcomes. Collaboration often leads to more practical and sustainable solutions than isolated efforts.

The topic also highlights the importance of public awareness and citizen engagement. When residents understand ongoing developments and participate in discussions, projects are more likely to reflect local needs and priorities. Access to information, transparent decision-making, and community feedback can strengthen trust and improve results. As Jaipur evolves into a larger and more connected urban center, informed citizens will continue to play a key role in guiding its future. By staying engaged and supporting responsible development, residents can help ensure that growth creates benefits for current and future generations.",Jaipur Residents,Jaipur Residents,0.582,58.2,0.582,0.09,-0.049,0.053,0.068,0.026,0.019,-0.009,0.209,0.155,0.116,0.01,-0.036,0.105,0.079,0.064,0.092,0.041,0.029,0.193
Improving Public Parks and Green Spaces,"Improving Public Parks and Green Spaces is becoming an important discussion point for Jaipur residents as the city continues to grow and modernize. Urban development brings new opportunities while also creating challenges that require thoughtful planning and community participation. In recent years, Jaipur has seen increasing investment in infrastructure, digital services, transportation, tourism, and environmental initiatives. These changes are influencing how people commute, access services, conduct business, and experience everyday life.

Residents are increasingly interested in solutions that improve convenience without compromising the city's cultural identity. Whether the focus is transportation, sustainability, education, or economic growth, long-term success depends on balancing modernization with heritage preservation. Local communities, businesses, educational institutions, and government agencies all play a role in shaping outcomes. Collaboration often leads to more practical and sustainable solutions than isolated efforts.

The topic also highlights the importance of public awareness and citizen engagement. When residents understand ongoing developments and participate in discussions, projects are more likely to reflect local needs and priorities. Access to information, transparent decision-making, and community feedback can strengthen trust and improve results. As Jaipur evolves into a larger and more connected urban center, informed citizens will continue to play a key role in guiding its future. By staying engaged and supporting responsible development, residents can help ensure that growth creates benefits for current and future generations.",Jaipur Residents,Jaipur Residents,0.558,55.8,0.558,0.097,-0.04,0.03,0.072,0.028,0.003,0.001,0.217,0.199,0.114,0.051,-0.026,0.122,0.073,0.082,0.098,0.041,0.027,0.205
Digital Services for Municipal Governance,"Digital Services for Municipal Governance is becoming an important discussion point for Jaipur residents as the city continues to grow and modernize. Urban development brings new opportunities while also creating challenges that require thoughtful planning and community participation. In recent years, Jaipur has seen increasing investment in infrastructure, digital services, transportation, tourism, and environmental initiatives. These changes are influencing how people commute, access services, conduct business, and experience everyday life.

Residents are increasingly interested in solutions that improve convenience without compromising the city's cultural identity. Whether the focus is transportation, sustainability, education, or economic growth, long-term success depends on balancing modernization with heritage preservation. Local communities, businesses, educational institutions, and government agencies all play a role in shaping outcomes. Collaboration often leads to more practical and sustainable solutions than isolated efforts.

The topic also highlights the importance of public awareness and citizen engagement. When residents understand ongoing developments and participate in discussions, projects are more likely to reflect local needs and priorities. Access to information, transparent decision-making, and community feedback can strengthen trust and improve results. As Jaipur evolves into a larger and more connected urban center, informed citizens will continue to play a key role in guiding its future. By staying engaged and supporting responsible development, residents can help ensure that growth creates benefits for current and future generations.",Jaipur Residents,Jaipur Residents,0.562,56.2,0.562,0.091,-0.041,0.071,0.075,0.029,0.016,0.01,0.196,0.139,0.135,0.019,-0.02,0.146,0.091,0.085,0.102,0.023,0.03,0.181
Traffic Management and Road Safety,"Traffic Management and Road Safety is becoming an important discussion point for Jaipur residents as the city continues to grow and modernize. Urban development brings new opportunities while also creating challenges that require thoughtful planning and community participation. In recent years, Jaipur has seen increasing investment in infrastructure, digital services, transportation, tourism, and environmental initiatives. These changes are influencing how people commute, access services, conduct business, and experience everyday life.

Residents are increasingly interested in solutions that improve convenience without compromising the city's cultural identity. Whether the focus is transportation, sustainability, education, or economic growth, long-term success depends on balancing modernization with heritage preservation. Local communities, businesses, educational institutions, and government agencies all play a role in shaping outcomes. Collaboration often leads to more practical and sustainable solutions than isolated efforts.

The topic also highlights the importance of public awareness and citizen engagement. When residents understand ongoing developments and participate in discussions, projects are more likely to reflect local needs and priorities. Access to information, transparent decision-making, and community feedback can strengthen trust and improve results. As Jaipur evolves into a larger and more connected urban center, informed citizens will continue to play a key role in guiding its future. By staying engaged and supporting responsible development, residents can help ensure that growth creates benefits for current and future generations.",Jaipur Residents,Jaipur Residents,0.581,58.1,0.581,0.085,-0.028,0.059,0.091,0.031,0.043,0.014,0.216,0.138,0.125,0.013,-0.017,0.153,0.083,0.074,0.094,0.061,0.025,0.201
Rainwater Harvesting in Residential Areas,"Rainwater Harvesting in Residential Areas is becoming an important discussion point for Jaipur residents as the city continues to grow and modernize. Urban development brings new opportunities while also creating challenges that require thoughtful planning and community participation. In recent years, Jaipur has seen increasing investment in infrastructure, digital services, transportation, tourism, and environmental initiatives. These changes are influencing how people commute, access services, conduct business, and experience everyday life.

Residents are increasingly interested in solutions that improve convenience without compromising the city's cultural identity. Whether the focus is transportation, sustainability, education, or economic growth, long-term success depends on balancing modernization with heritage preservation. Local communities, businesses, educational institutions, and government agencies all play a role in shaping outcomes. Collaboration often leads to more practical and sustainable solutions than isolated efforts.

The topic also highlights the importance of public awareness and citizen engagement. When residents understand ongoing developments and participate in discussions, projects are more likely to reflect local needs and priorities. Access to information, transparent decision-making, and community feedback can strengthen trust and improve results. As Jaipur evolves into a larger and more connected urban center, informed citizens will continue to play a key role in guiding its future. By staying engaged and supporting responsible development, residents can help ensure that growth creates benefits for current and future generations.",Jaipur Residents,Jaipur Residents,0.572,57.2,0.572,0.103,-0.037,0.041,0.075,0.04,0.007,0.0,0.23,0.181,0.124,0.033,-0.026,0.123,0.083,0.151,0.1,0.024,0.011,0.209
Startup Culture Emerging in Jaipur,"Startup Culture Emerging in Jaipur is becoming an important discussion point for Jaipur residents as the city continues to grow and modernize. Urban development brings new opportunities while also creating challenges that require thoughtful planning and community participation. In recent years, Jaipur has seen increasing investment in infrastructure, digital services, transportation, tourism, and environmental initiatives. These changes are influencing how people commute, access services, conduct business, and experience everyday life.

Residents are increasingly interested in solutions that improve convenience without compromising the city's cultural identity. Whether the focus is transportation, sustainability, education, or economic growth, long-term success depends on balancing modernization with heritage preservation. Local communities, businesses, educational institutions, and government agencies all play a role in shaping outcomes. Collaboration often leads to more practical and sustainable solutions than isolated efforts.

The topic also highlights the importance of public awareness and citizen engagement. When residents understand ongoing developments and participate in discussions, projects are more likely to reflect local needs and priorities. Access to information, transparent decision-making, and community feedback can strengthen trust and improve results. As Jaipur evolves into a larger and more connected urban center, informed citizens will continue to play a key role in guiding its future. By staying engaged and supporting responsible development, residents can help ensure that growth creates benefits for current and future generations.",Jaipur Residents,Jaipur Residents,0.524,52.4,0.524,0.096,-0.041,0.048,0.085,0.133,0.036,0.001,0.22,0.131,0.137,0.043,-0.011,0.137,0.067,0.058,0.092,0.03,0.007,0.195
Sustainable Housing and Urban Development,"Sustainable Housing and Urban Development is becoming an important discussion point for Jaipur residents as the city continues to grow and modernize. Urban development brings new opportunities while also creating challenges that require thoughtful planning and community participation. In recent years, Jaipur has seen increasing investment in infrastructure, digital services, transportation, tourism, and environmental initiatives. These changes are influencing how people commute, access services, conduct business, and experience everyday life.

Residents are increasingly interested in solutions that improve convenience without compromising the city's cultural identity. Whether the focus is transportation, sustainability, education, or economic growth, long-term success depends on balancing modernization with heritage preservation. Local communities, businesses, educational institutions, and government agencies all play a role in shaping outcomes. Collaboration often leads to more practical and sustainable solutions than isolated efforts.

The topic also highlights the importance of public awareness and citizen engagement. When residents understand ongoing developments and participate in discussions, projects are more likely to reflect local needs and priorities. Access to information, transparent decision-making, and community feedback can strengthen trust and improve results. As Jaipur evolves into a larger and more connected urban center, informed citizens will continue to play a key role in guiding its future. By staying engaged and supporting responsible development, residents can help ensure that growth creates benefits for current and future generations.",Jaipur Residents,Jaipur Residents,0.551,55.1,0.551,0.093,-0.04,0.055,0.078,0.036,0.025,0.007,0.193,0.167,0.125,0.039,-0.022,0.134,0.07,0.088,0.129,0.047,-0.001,0.192
The Future of Public Transport,"The Future of Public Transport is becoming an important discussion point for Jaipur residents as the city continues to grow and modernize. Urban development brings new opportunities while also creating challenges that require thoughtful planning and community participation. In recent years, Jaipur has seen increasing investment in infrastructure, digital services, transportation, tourism, and environmental initiatives. These changes are influencing how people commute, access services, conduct business, and experience everyday life.

Residents are increasingly interested in solutions that improve convenience without compromising the city's cultural identity. Whether the focus is transportation, sustainability, education, or economic growth, long-term success depends on balancing modernization with heritage preservation. Local communities, businesses, educational institutions, and government agencies all play a role in shaping outcomes. Collaboration often leads to more practical and sustainable solutions than isolated efforts.

The topic also highlights the importance of public awareness and citizen engagement. When residents understand ongoing developments and participate in discussions, projects are more likely to reflect local needs and priorities. Access to information, transparent decision-making, and community feedback can strengthen trust and improve results. As Jaipur evolves into a larger and more connected urban center, informed citizens will continue to play a key role in guiding its future. By staying engaged and supporting responsible development, residents can help ensure that growth creates benefits for current and future generations.",Jaipur Residents,Jaipur Residents,0.576,57.6,0.576,0.079,-0.031,0.078,0.095,0.032,0.024,0.024,0.226,0.14,0.134,0.024,-0.005,0.171,0.069,0.081,0.087,0.061,0.012,0.195
Local Markets Adapting to Modern Consumers,"Local Markets Adapting to Modern Consumers is becoming an important discussion point for Jaipur residents as the city continues to grow and modernize. Urban development brings new opportunities while also creating challenges that require thoughtful planning and community participation. In recent years, Jaipur has seen increasing investment in infrastructure, digital services, transportation, tourism, and environmental initiatives. These changes are influencing how people commute, access services, conduct business, and experience everyday life.

Residents are increasingly interested in solutions that improve convenience without compromising the city's cultural identity. Whether the focus is transportation, sustainability, education, or economic growth, long-term success depends on balancing modernization with heritage preservation. Local communities, businesses, educational institutions, and government agencies all play a role in shaping outcomes. Collaboration often leads to more practical and sustainable solutions than isolated efforts.

The topic also highlights the importance of public awareness and citizen engagement. When residents understand ongoing developments and participate in discussions, projects are more likely to reflect local needs and priorities. Access to information, transparent decision-making, and community feedback can strengthen trust and improve results. As Jaipur evolves into a larger and more connected urban center, informed citizens will continue to play a key role in guiding its future. By staying engaged and supporting responsible development, residents can help ensure that growth creates benefits for current and future generations.",Jaipur Residents,Jaipur Residents,0.548,54.8,0.548,0.063,-0.044,0.057,0.091,0.021,0.021,0.01,0.208,0.139,0.135,0.024,-0.005,0.126,0.06,0.067,0.129,0.043,0.014,0.202
Air Quality Awareness and Community Action,"Air Quality Awareness and Community Action is becoming an important discussion point for Jaipur residents as the city continues to grow and modernize. Urban development brings new opportunities while also creating challenges that require thoughtful planning and community participation. In recent years, Jaipur has seen increasing investment in infrastructure, digital services, transportation, tourism, and environmental initiatives. These changes are influencing how people commute, access services, conduct business, and experience everyday life.

Residents are increasingly interested in solutions that improve convenience without compromising the city's cultural identity. Whether the focus is transportation, sustainability, education, or economic growth, long-term success depends on balancing modernization with heritage preservation. Local communities, businesses, educational institutions, and government agencies all play a role in shaping outcomes. Collaboration often leads to more practical and sustainable solutions than isolated efforts.

The topic also highlights the importance of public awareness and citizen engagement. When residents understand ongoing developments and participate in discussions, projects are more likely to reflect local needs and priorities. Access to information, transparent decision-making, and community feedback can strengthen trust and improve results. As Jaipur evolves into a larger and more connected urban center, informed citizens will continue to play a key role in guiding its future. By staying engaged and supporting responsible development, residents can help ensure that growth creates benefits for current and future generations.",Jaipur Residents,Jaipur Residents,0.589,58.9,0.589,0.088,-0.025,0.04,0.091,0.019,0.008,0.04,0.21,0.178,0.129,0.034,-0.026,0.14,0.074,0.17,0.104,0.028,0.022,0.192
Education and Skill Development Opportunities,"Education and Skill Development Opportunities is becoming an important discussion point for Jaipur residents as the city continues to grow and modernize. Urban development brings new opportunities while also creating challenges that require thoughtful planning and community participation. In recent years, Jaipur has seen increasing investment in infrastructure, digital services, transportation, tourism, and environmental initiatives. These changes are influencing how people commute, access services, conduct business, and experience everyday life.

Residents are increasingly interested in solutions that improve convenience without compromising the city's cultural identity. Whether the focus is transportation, sustainability, education, or economic growth, long-term success depends on balancing modernization with heritage preservation. Local communities, businesses, educational institutions, and government agencies all play a role in shaping outcomes. Collaboration often leads to more practical and sustainable solutions than isolated efforts.

The topic also highlights the importance of public awareness and citizen engagement. When residents understand ongoing developments and participate in discussions, projects are more likely to reflect local needs and priorities. Access to information, transparent decision-making, and community feedback can strengthen trust and improve results. As Jaipur evolves into a larger and more connected urban center, informed citizens will continue to play a key role in guiding its future. By staying engaged and supporting responsible development, residents can help ensure that growth creates benefits for current and future generations.",Jaipur Residents,Jaipur Residents,0.551,55.1,0.551,0.085,-0.036,0.054,0.081,0.039,0.049,0.001,0.211,0.138,0.125,0.024,-0.021,0.148,0.075,0.084,0.106,0.032,0.009,0.191
Healthcare Infrastructure for a Growing Population,"Healthcare Infrastructure for a Growing Population is becoming an important discussion point for Jaipur residents as the city continues to grow and modernize. Urban development brings new opportunities while also creating challenges that require thoughtful planning and community participation. In recent years, Jaipur has seen increasing investment in infrastructure, digital services, transportation, tourism, and environmental initiatives. These changes are influencing how people commute, access services, conduct business, and experience everyday life.

Residents are increasingly interested in solutions that improve convenience without compromising the city's cultural identity. Whether the focus is transportation, sustainability, education, or economic growth, long-term success depends on balancing modernization with heritage preservation. Local communities, businesses, educational institutions, and government agencies all play a role in shaping outcomes. Collaboration often leads to more practical and sustainable solutions than isolated efforts.

The topic also highlights the importance of public awareness and citizen engagement. When residents understand ongoing developments and participate in discussions, projects are more likely to reflect local needs and priorities. Access to information, transparent decision-making, and community feedback can strengthen trust and improve results. As Jaipur evolves into a larger and more connected urban center, informed citizens will continue to play a key role in guiding its future. By staying engaged and supporting responsible development, residents can help ensure that growth creates benefits for current and future generations.",Jaipur Residents,Jaipur Residents,0.541,54.1,0.541,0.095,-0.041,0.041,0.104,0.035,0.026,0.07,0.203,0.149,0.113,0.058,-0.039,0.148,0.076,0.075,0.096,0.023,0.022,0.195
Cultural Festivals and Economic Impact,"Cultural Festivals and Economic Impact is becoming an important discussion point for Jaipur residents as the city continues to grow and modernize. Urban development brings new opportunities while also creating challenges that require thoughtful planning and community participation. In recent years, Jaipur has seen increasing investment in infrastructure, digital services, transportation, tourism, and environmental initiatives. These changes are influencing how people commute, access services, conduct business, and experience everyday life.

Residents are increasingly interested in solutions that improve convenience without compromising the city's cultural identity. Whether the focus is transportation, sustainability, education, or economic growth, long-term success depends on balancing modernization with heritage preservation. Local communities, businesses, educational institutions, and government agencies all play a role in shaping outcomes. Collaboration often leads to more practical and sustainable solutions than isolated efforts.

The topic also highlights the importance of public awareness and citizen engagement. When residents understand ongoing developments and participate in discussions, projects are more likely to reflect local needs and priorities. Access to information, transparent decision-making, and community feedback can strengthen trust and improve results. As Jaipur evolves into a larger and more connected urban center, informed citizens will continue to play a key role in guiding its future. By staying engaged and supporting responsible development, residents can help ensure that growth creates benefits for current and future generations.",Jaipur Residents,Jaipur Residents,0.581,58.1,0.581,0.073,-0.021,0.057,0.071,0.025,0.037,0.003,0.225,0.129,0.14,0.019,-0.024,0.138,0.064,0.088,0.081,0.034,0.018,0.232
Building a More Resilient Jaipur,"Building a More Resilient Jaipur is becoming an important discussion point for Jaipur residents as the city continues to grow and modernize. Urban development brings new opportunities while also creating challenges that require thoughtful planning and community participation. In recent years, Jaipur has seen increasing investment in infrastructure, digital services, transportation, tourism, and environmental initiatives. These changes are influencing how people commute, access services, conduct business, and experience everyday life.

Residents are increasingly interested in solutions that improve convenience without compromising the city's cultural identity. Whether the focus is transportation, sustainability, education, or economic growth, long-term success depends on balancing modernization with heritage preservation. Local communities, businesses, educational institutions, and government agencies all play a role in shaping outcomes. Collaboration often leads to more practical and sustainable solutions than isolated efforts.

The topic also highlights the importance of public awareness and citizen engagement. When residents understand ongoing developments and participate in discussions, projects are more likely to reflect local needs and priorities. Access to information, transparent decision-making, and community feedback can strengthen trust and improve results. As Jaipur evolves into a larger and more connected urban center, informed citizens will continue to play a key role in guiding its future. By staying engaged and supporting responsible development, residents can help ensure that growth creates benefits for current and future generations.",Jaipur Residents,Jaipur Residents,0.553,55.3,0.553,0.092,-0.044,0.043,0.072,0.038,0.028,0.001,0.22,0.157,0.117,0.039,-0.022,0.127,0.064,0.073,0.106,0.033,0.015,0.188
